19	9	1	23.771289825439453
19	36	2	15.594286918640137
19	7	3	14.938431739807129
19	5	4	14.091010093688965
19	14	5	13.72718334197998
19	17	6	13.649822235107422
19	6	7	13.38819694519043
19	3	8	13.073945045471191
19	44	9	12.832318305969238
19	1	10	12.720845222473145
110	18	1	23.348411560058594
110	17	2	22.998950958251953
110	37	3	16.265867233276367
110	19	4	14.862213134765625
110	0	5	12.499622344970703
110	2	6	11.79576301574707
110	42	7	11.774560928344727
110	276	8	10.665966987609863
110	35	9	10.42214584350586
110	1	10	10.025293350219727
119	21	1	26.13300323486328
119	427	2	9.999755859375
119	5	3	9.47659969329834
119	2	4	9.143933296203613
119	7	5	8.662943840026855
119	0	6	8.420013427734375
119	37	7	8.318501472473145
119	12	8	8.02845573425293
119	6	9	7.991483211517334
119	25	10	7.808044910430908
176	37	1	19.847091674804688
176	7	2	13.349115371704102
176	17	3	12.89095687866211
176	13	4	11.489557266235352
176	411	5	11.236352920532227
176	12	6	11.1539306640625
176	2	7	10.921364784240723
176	0	8	10.547776222229004
176	446	9	10.07262134552002
176	3	10	9.027944564819336
204	40	1	25.45684051513672
204	38	2	12.816130638122559
204	219	3	10.806041717529297
204	8	4	10.740365982055664
204	393	5	9.485662460327148
204	198	6	9.112665176391602
204	197	7	8.298551559448242
204	224	8	7.790116310119629
204	96	9	7.460076332092285
204	412	10	7.06877326965332
207	25	1	26.94497299194336
207	20	2	26.580278396606445
207	13	3	21.928783416748047
207	1	4	21.83108901977539
207	2	5	21.777448654174805
207	0	6	21.42673110961914
207	44	7	21.104578018188477
207	6	8	20.22553253173828
207	12	9	18.948957443237305
207	14	10	18.033174514770508
258	33	1	22.764055252075195
258	28	2	22.706729888916016
258	31	3	22.582242965698242
258	29	4	21.503768920898438
258	26	5	21.364200592041016
258	27	6	18.36736297607422
258	449	7	16.66486358642578
258	43	8	14.056450843811035
258	195	9	12.351530075073242
258	461	10	11.650613784790039
262	4	1	24.7047119140625
262	7	2	22.80185317993164
262	3	3	22.415847778320312
262	5	4	19.146039962768555
262	14	5	13.612953186035156
262	44	6	9.721358299255371
262	2	7	9.269681930541992
262	20	8	8.84091854095459
262	1	9	8.834104537963867
262	416	10	8.744384765625
340	11	1	21.83810043334961
340	16	2	21.823745727539062
340	14	3	12.714302062988281
340	9	4	11.91149616241455
340	40	5	11.627086639404297
340	297	6	11.123407363891602
340	44	7	10.642236709594727
340	25	8	10.482402801513672
340	2	9	10.315754890441895
340	38	10	10.205663681030273
386	41	1	22.55024528503418
386	14	2	14.068672180175781
386	19	3	12.107693672180176
386	4	4	11.997652053833008
386	2	5	11.87360954284668
386	36	6	11.842135429382324
386	42	7	11.414233207702637
386	9	8	11.29112434387207
386	0	9	11.1103515625
386	7	10	10.983621597290039
435	48	1	24.017826080322266
435	47	2	23.794578552246094
435	246	3	8.282849311828613
435	132	4	8.168542861938477
435	102	5	8.161355018615723
435	403	6	7.957167625427246
435	199	7	7.31634521484375
435	198	8	6.922023773193359
435	265	9	6.215681076049805
435	396	10	6.114650726318359
443	49	1	22.635950088500977
443	13	2	12.343172073364258
443	198	3	11.980849266052246
443	1	4	11.7714262008667
443	44	5	11.254241943359375
443	2	6	10.231598854064941
443	201	7	9.825265884399414
443	24	8	8.849588394165039
443	20	9	8.741181373596191
443	17	10	8.705872535705566
537	75	1	27.171232223510742
537	76	2	27.005720138549805
537	77	3	20.394271850585938
537	105	4	8.301609992980957
537	201	5	8.266668319702148
537	45	6	6.970125675201416
537	12	7	5.994743347167969
537	267	8	5.746216773986816
537	344	9	5.63358211517334
537	51	10	5.380912780761719
553	198	1	7.583091735839844
553	406	2	7.267104625701904
553	224	3	6.7162699699401855
553	201	4	6.610598564147949
553	435	5	6.601021766662598
553	8	6	6.54488468170166
553	20	7	6.541220664978027
553	413	8	6.437701225280762
553	218	9	6.384250640869141
553	427	10	6.348150253295898
596	79	1	24.722061157226562
596	82	2	22.01470184326172
596	80	3	16.056129455566406
596	83	4	12.92930793762207
596	78	5	11.37743854522705
596	263	6	9.117027282714844
596	43	7	8.723692893981934
596	108	8	8.020415306091309
596	51	9	7.468896389007568
596	412	10	7.421324253082275
611	123	1	13.383626937866211
611	112	2	10.919421195983887
611	122	3	10.778839111328125
611	113	4	10.749099731445312
611	114	5	10.633085250854492
611	118	6	10.57701301574707
611	471	7	10.1453218460083
611	34	8	10.107403755187988
611	482	9	9.947942733764648
611	470	10	9.920312881469727
652	19	1	9.491121292114258
652	2	2	9.04808235168457
652	0	3	8.19966983795166
652	297	4	8.189620971679688
652	22	5	7.9496612548828125
652	37	6	7.863952159881592
652	14	7	7.860378265380859
652	1	8	7.513237476348877
652	38	9	6.974768161773682
652	13	10	6.926008224487305
670	107	1	23.522811889648438
670	94	2	20.074277877807617
670	95	3	19.13823890686035
670	119	4	14.871504783630371
670	121	5	11.378188133239746
670	196	6	9.941549301147461
670	113	7	9.74387264251709
670	420	8	8.569316864013672
670	387	9	8.533804893493652
670	80	10	7.585014343261719
672	113	1	24.951311111450195
672	122	2	24.74260902404785
672	112	3	21.231775283813477
672	118	4	20.922836303710938
672	114	5	19.13939094543457
672	467	6	12.683965682983398
672	123	7	12.651090621948242
672	470	8	12.391057014465332
672	119	9	11.884902000427246
672	483	10	11.592827796936035
684	132	1	24.48794937133789
684	127	2	19.211353302001953
684	125	3	13.183271408081055
684	48	4	10.4047269821167
684	47	5	8.15117359161377
684	124	6	8.143518447875977
684	14	7	7.99985408782959
684	11	8	7.457935333251953
684	292	9	7.223858833312988
684	391	10	7.125480651855469
703	490	1	14.094782829284668
703	108	2	13.619316101074219
703	491	3	12.507872581481934
703	488	4	12.347825050354004
703	487	5	12.0415620803833
703	489	6	10.804646492004395
703	494	7	10.553747177124023
703	263	8	8.527204513549805
703	458	9	8.299555778503418
703	411	10	7.657576084136963
707	131	1	28.809371948242188
707	125	2	23.573945999145508
707	90	3	22.330520629882812
707	109	4	17.228483200073242
707	132	5	12.629171371459961
707	76	6	9.102588653564453
707	127	7	8.97569751739502
707	98	8	8.311949729919434
707	128	9	7.751460552215576
707	117	10	7.681530952453613
769	106	1	9.499954223632812
769	104	2	8.390899658203125
769	116	3	8.045964241027832
769	115	4	7.446203231811523
769	92	5	7.391668319702148
769	111	6	7.055018901824951
769	124	7	6.8674445152282715
769	117	8	6.842115879058838
769	248	9	6.826045513153076
769	419	10	6.795731544494629
804	135	1	24.79109001159668
804	98	2	22.503894805908203
804	93	3	22.068683624267578
804	38	4	17.419031143188477
804	402	5	8.828779220581055
804	105	6	8.297801971435547
804	275	7	8.186001777648926
804	56	8	8.13439655303955
804	126	9	7.707165241241455
804	406	10	7.701505661010742
806	119	1	27.518089294433594
806	121	2	24.369510650634766
806	120	3	20.59807586669922
806	114	4	11.029356956481934
806	387	5	10.594820976257324
806	453	6	8.985187530517578
806	112	7	8.479904174804688
806	461	8	7.875246047973633
806	470	9	7.8479814529418945
806	456	10	7.714170455932617
811	101	1	26.022762298583984
811	102	2	24.5452938079834
811	103	3	23.79210090637207
811	117	4	10.039957046508789
811	126	5	9.705839157104492
811	77	6	8.568310737609863
811	125	7	7.543702125549316
811	435	8	6.91736364364624
811	346	9	6.892213821411133
811	109	10	6.808093547821045
819	115	1	24.51947784423828
819	124	2	24.14327621459961
819	116	3	23.185012817382812
819	106	4	8.431548118591309
819	148	5	8.180286407470703
819	146	6	6.959869384765625
819	147	7	6.904887676239014
819	145	8	6.76210880279541
819	117	9	6.616652488708496
819	151	10	6.568859100341797
956	104	1	17.946044921875
956	106	2	16.199726104736328
956	111	3	15.717545509338379
956	126	4	10.718985557556152
956	428	5	8.010488510131836
956	458	6	7.9970502853393555
956	116	7	7.788486480712891
956	115	8	7.668004035949707
956	135	9	6.4517903327941895
956	80	10	6.03143835067749
990	125	1	11.394112586975098
990	109	2	10.503698348999023
990	98	3	8.560317039489746
990	117	4	8.13426685333252
990	48	5	8.050558090209961
990	218	6	7.656398773193359
990	132	7	7.623041152954102
990	133	8	7.259979724884033
990	246	9	7.001832008361816
990	423	10	6.886448383331299
1042	149	1	22.48297882080078
1042	150	2	17.691730499267578
1042	144	3	14.33329963684082
1042	145	4	13.903411865234375
1042	142	5	12.675926208496094
1042	151	6	12.584519386291504
1042	140	7	12.306836128234863
1042	146	8	12.051556587219238
1042	148	9	11.821800231933594
1042	137	10	11.186357498168945
1043	140	1	27.21194839477539
1043	137	2	25.722169876098633
1043	142	3	25.513477325439453
1043	143	4	21.11313819885254
1043	139	5	20.941511154174805
1043	138	6	19.06788444519043
1043	149	7	15.796472549438477
1043	141	8	15.109704971313477
1043	148	9	11.692617416381836
1043	150	10	11.536857604980469
1050	146	1	26.552997589111328
1050	145	2	26.47963523864746
1050	151	3	24.51026725769043
1050	148	4	19.665376663208008
1050	147	5	18.843088150024414
1050	349	6	11.649618148803711
1050	137	7	11.293621063232422
1050	140	8	11.236331939697266
1050	436	9	9.690683364868164
1050	263	10	8.9397611618042
1065	158	1	23.25465202331543
1065	156	2	22.73303985595703
1065	179	3	19.81655502319336
1065	157	4	18.524850845336914
1065	155	5	18.265920639038086
1065	177	6	17.77348518371582
1065	336	7	8.36949348449707
1065	351	8	7.521633148193359
1065	344	9	7.378165245056152
1065	124	10	7.248604774475098
1100	160	1	26.026721954345703
1100	174	2	7.040331840515137
1100	176	3	6.596160411834717
1100	415	4	6.202588081359863
1100	406	5	6.1830596923828125
1100	454	6	5.9965434074401855
1100	129	7	5.930607795715332
1100	408	8	5.925704479217529
1100	104	9	5.649159908294678
1100	87	10	5.617586135864258
1129	196	1	9.394319534301758
1129	179	2	7.728698253631592
1129	121	3	7.341532230377197
1129	173	4	7.025795936584473
1129	119	5	6.873965740203857
1129	131	6	6.479433059692383
1129	375	7	6.018833160400391
1129	5	8	5.945796012878418
1129	414	9	5.859920978546143
1129	117	10	5.402195453643799
1212	174	1	25.79920768737793
1212	173	2	20.602699279785156
1212	196	3	10.362403869628906
1212	51	4	10.327744483947754
1212	26	5	9.802236557006836
1212	87	6	8.23012638092041
1212	160	7	8.170097351074219
1212	121	8	7.916377067565918
1212	391	9	7.3170294761657715
1212	454	10	7.02609395980835
1267	266	1	11.016349792480469
1267	2	2	9.419270515441895
1267	411	3	9.193480491638184
1267	3	4	9.086212158203125
1267	14	5	8.718527793884277
1267	0	6	8.332327842712402
1267	9	7	8.281471252441406
1267	53	8	8.095755577087402
1267	436	9	7.970766544342041
1267	32	10	7.709036350250244
1297	166	1	23.80131721496582
1297	163	2	21.790077209472656
1297	445	3	13.479599952697754
1297	164	4	11.637989044189453
1297	446	5	11.368926048278809
1297	442	6	11.304719924926758
1297	441	7	10.095837593078613
1297	447	8	9.566564559936523
1297	178	9	9.016048431396484
1297	173	10	7.758111000061035
1298	179	1	10.965453147888184
1298	158	2	10.72149658203125
1298	240	3	10.183122634887695
1298	336	4	10.17724609375
1298	162	5	9.877545356750488
1298	344	6	9.70763874053955
1298	177	7	9.646690368652344
1298	343	8	8.292007446289062
1298	334	9	7.981245994567871
1298	14	10	7.808826923370361
1304	427	1	9.939658164978027
1304	42	2	9.683756828308105
1304	5	3	8.866446495056152
1304	266	4	8.412069320678711
1304	3	5	8.157535552978516
1304	2	6	6.8777618408203125
1304	14	7	6.1445231437683105
1304	37	8	6.03983736038208
1304	493	9	5.843080997467041
1304	55	10	5.756252288818359
1306	180	1	23.99136734008789
1306	182	2	21.358497619628906
1306	181	3	21.299745559692383
1306	183	4	20.000030517578125
1306	190	5	14.8058443069458
1306	140	6	11.532492637634277
1306	142	7	11.016927719116211
1306	137	8	10.37596607208252
1306	254	9	8.991678237915039
1306	187	10	8.423345565795898
1348	323	1	11.896430969238281
1348	189	2	11.893218040466309
1348	80	3	11.552474021911621
1348	142	4	10.46683120727539
1348	137	5	10.21705150604248
1348	212	6	9.926346778869629
1348	461	7	9.535491943359375
1348	453	8	9.412358283996582
1348	140	9	9.065303802490234
1348	484	10	8.501457214355469
1396	30	1	10.926603317260742
1396	6	2	10.415369033813477
1396	9	3	9.058090209960938
1396	406	4	8.472016334533691
1396	408	5	8.262336730957031
1396	12	6	8.105009078979492
1396	0	7	7.949755668640137
1396	54	8	7.395000457763672
1396	229	9	7.394474029541016
1396	196	10	7.3405866622924805
1404	191	1	24.66072654724121
1404	145	2	9.607121467590332
1404	14	3	9.379491806030273
1404	418	4	9.216581344604492
1404	428	5	8.450603485107422
1404	212	6	8.216552734375
1404	459	7	7.027827262878418
1404	336	8	6.895035743713379
1404	151	9	6.558225631713867
1404	137	10	6.499810218811035
1522	204	1	18.67780113220215
1522	206	2	16.44266128540039
1522	205	3	15.69869613647461
1522	37	4	10.70439624786377
1522	12	5	10.016335487365723
1522	0	6	9.482486724853516
1522	17	7	9.13875961303711
1522	2	8	9.032967567443848
1522	14	9	8.73498249053955
1522	7	10	8.060775756835938
1561	210	1	20.29900550842285
1561	123	2	14.34400749206543
1561	113	3	14.250078201293945
1561	122	4	13.755524635314941
1561	467	5	11.357057571411133
1561	112	6	11.199579238891602
1561	472	7	11.132814407348633
1561	114	8	11.056661605834961
1561	483	9	11.04066276550293
1561	137	10	10.378522872924805
1598	285	1	20.008670806884766
1598	286	2	16.838340759277344
1598	287	3	13.45903205871582
1598	341	4	12.506616592407227
1598	381	5	9.818002700805664
1598	92	6	9.66079044342041
1598	306	7	9.402113914489746
1598	305	8	8.502211570739746
1598	244	9	7.708049297332764
1598	34	10	7.261572360992432
1633	233	1	24.590410232543945
1633	232	2	23.807918548583984
1633	445	3	13.238035202026367
1633	447	4	12.82853889465332
1633	313	5	12.098093032836914
1633	266	6	11.760844230651855
1633	168	7	11.747018814086914
1633	446	8	10.871325492858887
1633	179	9	10.398958206176758
1633	441	10	9.99479866027832
1649	243	1	19.93069076538086
1649	257	2	19.68663215637207
1649	253	3	18.87718391418457
1649	258	4	16.160093307495117
1649	261	5	13.428057670593262
1649	454	6	10.647639274597168
1649	72	7	9.88870620727539
1649	272	8	8.905481338500977
1649	252	9	8.366074562072754
1649	224	10	8.255645751953125
1659	227	1	22.236574172973633
1659	228	2	21.99917221069336
1659	365	3	16.033716201782227
1659	224	4	14.543413162231445
1659	220	5	12.53300666809082
1659	272	6	11.215819358825684
1659	221	7	11.139135360717773
1659	416	8	10.181257247924805
1659	219	9	10.171606063842773
1659	37	10	9.891347885131836
1689	297	1	24.580934524536133
1689	221	2	20.21333122253418
1689	37	3	13.683138847351074
1689	0	4	10.311777114868164
1689	2	5	10.102606773376465
1689	7	6	9.479207038879395
1689	13	7	8.805627822875977
1689	1	8	8.735980987548828
1689	19	9	8.308357238769531
1689	17	10	8.116811752319336
1694	282	1	21.278514862060547
1694	145	2	11.342430114746094
1694	151	3	10.687772750854492
1694	146	4	9.055593490600586
1694	429	5	9.002121925354004
1694	137	6	8.947996139526367
1694	147	7	8.51802921295166
1694	150	8	8.358887672424316
1694	385	9	8.273805618286133
1694	143	10	8.168546676635742
1704	311	1	12.087002754211426
1704	314	2	10.361288070678711
1704	321	3	10.215535163879395
1704	350	4	9.319048881530762
1704	374	5	9.193750381469727
1704	229	6	8.338665008544922
1704	288	7	8.321252822875977
1704	1	8	7.846967697143555
1704	2	9	7.544364929199219
1704	13	10	7.5057053565979
1743	222	1	25.277687072753906
1743	323	2	21.473735809326172
1743	446	3	10.97056770324707
1743	484	4	10.820381164550781
1743	212	5	10.403190612792969
1743	180	6	9.842055320739746
1743	140	7	9.707706451416016
1743	137	8	9.174613952636719
1743	191	9	8.885263442993164
1743	441	10	8.871828079223633
1746	12	1	9.867588996887207
1746	229	2	9.46143913269043
1746	365	3	8.414164543151855
1746	406	4	8.27689266204834
1746	265	5	7.993585586547852
1746	201	6	7.959253311157227
1746	263	7	7.376275062561035
1746	45	8	7.224636554718018
1746	82	9	6.529703140258789
1746	270	10	6.443495750427246
1754	289	1	22.470924377441406
1754	303	2	9.548012733459473
1754	301	3	8.312755584716797
1754	403	4	8.185157775878906
1754	252	5	7.710405349731445
1754	290	6	7.409182548522949
1754	87	7	7.304201126098633
1754	391	8	7.241909027099609
1754	9	9	6.471437454223633
1754	292	10	5.480777740478516
1769	311	1	13.818218231201172
1769	266	2	13.7701997756958
1769	396	3	11.75352668762207
1769	388	4	11.117782592773438
1769	270	5	10.728288650512695
1769	245	6	10.39275074005127
1769	5	7	9.168451309204102
1769	145	8	9.049394607543945
1769	269	9	8.761065483093262
1769	3	10	8.753833770751953
1778	441	1	10.185486793518066
1778	443	2	9.765275955200195
1778	445	3	9.557594299316406
1778	292	4	9.093381881713867
1778	145	5	9.00246810913086
1778	177	6	8.490886688232422
1778	87	7	8.267123222351074
1778	37	8	8.13243293762207
1778	174	9	7.5997796058654785
1778	169	10	7.3045148849487305
1816	311	1	19.61452865600586
1816	269	2	17.664352416992188
1816	266	3	13.338933944702148
1816	336	4	8.997892379760742
1816	446	5	8.790738105773926
1816	151	6	8.7625093460083
1816	464	7	8.615225791931152
1816	344	8	7.822223663330078
1816	180	9	7.691457748413086
1816	137	10	7.372957229614258
1844	240	1	25.1700382232666
1844	241	2	18.438888549804688
1844	271	3	11.527417182922363
1844	311	4	9.287689208984375
1844	269	5	9.103387832641602
1844	304	6	8.370797157287598
1844	341	7	7.91419792175293
1844	411	8	7.723475933074951
1844	124	9	6.578769207000732
1844	292	10	6.452622413635254
1856	276	1	26.350610733032227
1856	277	2	21.804508209228516
1856	385	3	9.630823135375977
1856	287	4	9.468046188354492
1856	0	5	9.230588912963867
1856	336	6	9.155229568481445
1856	386	7	8.972874641418457
1856	45	8	8.296626091003418
1856	17	9	8.118051528930664
1856	13	10	7.458580017089844
1858	226	1	24.054759979248047
1858	347	2	13.56917953491211
1858	144	3	10.07580852508545
1858	349	4	9.299022674560547
1858	270	5	8.74012279510498
1858	268	6	8.308764457702637
1858	263	7	8.069796562194824
1858	269	8	8.041994094848633
1858	266	9	7.973206520080566
1858	300	10	7.77154541015625
1894	471	1	10.632545471191406
1894	113	2	9.969379425048828
1894	2	3	9.29052734375
1894	0	4	9.224111557006836
1894	122	5	9.150809288024902
1894	483	6	8.224843978881836
1894	114	7	8.183659553527832
1894	472	8	8.083572387695312
1894	467	9	8.058852195739746
1894	470	10	8.030468940734863
1915	317	1	24.42108726501465
1915	316	2	22.517147064208984
1915	318	3	19.27287483215332
1915	244	4	15.993670463562012
1915	320	5	15.195578575134277
1915	319	6	13.231241226196289
1915	303	7	11.000532150268555
1915	237	8	7.429873943328857
1915	313	9	7.3915252685546875
1915	339	10	6.51308536529541
1923	299	1	21.55624008178711
1923	301	2	21.1319522857666
1923	314	3	20.400888442993164
1923	322	4	18.59228515625
1923	294	5	18.44060707092285
1923	304	6	17.558208465576172
1923	321	7	17.2056941986084
1923	252	8	13.48428726196289
1923	303	9	13.05007266998291
1923	288	10	11.519975662231445
1939	239	1	18.462169647216797
1939	237	2	14.08908748626709
1939	309	3	12.553934097290039
1939	238	4	12.338940620422363
1939	385	5	11.943169593811035
1939	324	6	10.908010482788086
1939	313	7	9.575664520263672
1939	368	8	9.509392738342285
1939	304	9	9.409253120422363
1939	387	10	8.841730117797852
1944	264	1	20.369041442871094
1944	265	2	19.947521209716797
1944	263	3	19.77650260925293
1944	274	4	18.519441604614258
1944	275	5	17.968914031982422
1944	367	6	13.366745948791504
1944	378	7	9.642398834228516
1944	315	8	8.119221687316895
1944	415	9	7.502981662750244
1944	78	10	7.1024250984191895
1971	305	1	24.931215286254883
1971	306	2	23.873613357543945
1971	315	3	16.745685577392578
1971	349	4	14.829056739807129
1971	330	5	13.195133209228516
1971	344	6	12.304166793823242
1971	499	7	12.199418067932129
1971	119	8	10.566296577453613
1971	346	9	10.48707389831543
1971	340	10	10.447587966918945
2068	336	1	24.85614585876465
2068	464	2	15.90843391418457
2068	334	3	13.503933906555176
2068	349	4	13.488265991210938
2068	341	5	13.343058586120605
2068	343	6	13.075582504272461
2068	328	7	12.423826217651367
2068	344	8	12.402965545654297
2068	348	9	12.30255126953125
2068	340	10	12.252466201782227
2072	328	1	23.753080368041992
2072	327	2	23.747493743896484
2072	349	3	12.609352111816406
2072	348	4	10.230605125427246
2072	341	5	9.337477684020996
2072	336	6	9.067121505737305
2072	330	7	8.662810325622559
2072	344	8	8.35624885559082
2072	340	9	7.797959804534912
2072	263	10	7.591435432434082
2077	331	1	24.238189697265625
2077	330	2	17.227811813354492
2077	349	3	11.789667129516602
2077	344	4	11.38180160522461
2077	498	5	10.898317337036133
2077	336	6	9.240768432617188
2077	332	7	8.428304672241211
2077	166	8	7.824935436248779
2077	484	9	7.705975532531738
2077	140	10	7.379003047943115
2086	334	1	25.909996032714844
2086	387	2	9.49017333984375
2086	344	3	9.242314338684082
2086	464	4	9.073904991149902
2086	343	5	8.727394104003906
2086	348	6	7.427900791168213
2086	114	7	7.065249443054199
2086	336	8	7.0628557205200195
2086	119	9	6.711007595062256
2086	467	10	6.619440078735352
2153	343	1	25.148372650146484
2153	344	2	17.02691650390625
2153	464	3	15.039288520812988
2153	349	4	13.043264389038086
2153	141	5	10.402297019958496
2153	140	6	10.328551292419434
2153	142	7	9.81181812286377
2153	119	8	9.341386795043945
2153	138	9	8.595390319824219
2153	137	10	8.525824546813965
2165	0	1	9.814753532409668
2165	2	2	9.472859382629395
2165	13	3	8.720531463623047
2165	1	4	8.263998031616211
2165	344	5	7.977258205413818
2165	297	6	7.864940643310547
2165	20	7	7.641355514526367
2165	385	8	7.566519737243652
2165	292	9	7.418353080749512
2165	25	10	7.362302303314209
2188	363	1	10.641797065734863
2188	365	2	9.85427188873291
2188	289	3	9.508530616760254
2188	330	4	9.47635269165039
2188	268	5	9.16164779663086
2188	286	6	8.656245231628418
2188	339	7	8.535632133483887
2188	272	8	8.498612403869629
2188	336	9	8.00300121307373
2188	337	10	7.708583354949951
2201	193	1	11.961589813232422
2201	187	2	11.907793045043945
2201	209	3	11.14065933227539
2201	81	4	9.776840209960938
2201	262	5	9.481168746948242
2201	210	6	9.477184295654297
2201	37	7	8.7661714553833
2201	227	8	8.426651954650879
2201	365	9	8.237241744995117
2201	247	10	7.8098673820495605
2319	224	1	14.572528839111328
2319	382	2	13.203746795654297
2319	408	3	12.390026092529297
2319	355	4	11.381132125854492
2319	416	5	11.21694564819336
2319	245	6	10.40333080291748
2319	20	7	10.031167984008789
2319	406	8	10.026528358459473
2319	14	9	9.991874694824219
2319	220	10	9.669641494750977
2362	387	1	25.550880432128906
2362	385	2	15.39012622833252
2362	471	3	11.572206497192383
2362	222	4	11.338560104370117
2362	334	5	11.010713577270508
2362	112	6	9.549901962280273
2362	316	7	9.296818733215332
2362	119	8	8.964762687683105
2362	323	9	8.922073364257812
2362	453	10	8.86169719696045
2367	407	1	19.462650299072266
2367	250	2	15.65086555480957
2367	408	3	11.312176704406738
2367	263	4	10.982730865478516
2367	252	5	8.854963302612305
2367	76	6	8.486371994018555
2367	302	7	7.88720703125
2367	412	8	7.451397895812988
2367	239	9	7.271363258361816
2367	78	10	7.253253936767578
2401	197	1	8.988799095153809
2401	252	2	8.224802017211914
2401	461	3	7.427632808685303
2401	263	4	7.280812740325928
2401	283	5	7.257654190063477
2401	201	6	7.207439422607422
2401	173	7	6.918908596038818
2401	198	8	6.778944969177246
2401	235	9	6.684184551239014
2401	456	10	6.457701206207275
2431	251	1	13.290285110473633
2431	249	2	13.258991241455078
2431	314	3	12.453190803527832
2431	288	4	11.59314250946045
2431	393	5	10.736236572265625
2431	304	6	10.508147239685059
2431	301	7	9.51114559173584
2431	402	8	9.343985557556152
2431	294	9	9.212969779968262
2431	299	10	8.237507820129395
2468	412	1	21.957693099975586
2468	416	2	19.166271209716797
2468	20	3	12.881601333618164
2468	14	4	12.847687721252441
2468	38	5	12.62894058227539
2468	224	6	11.299638748168945
2468	266	7	9.922464370727539
2468	312	8	9.78773307800293
2468	9	9	9.239947319030762
2468	220	10	9.119916915893555
2489	416	1	24.49845314025879
2489	20	2	14.42647933959961
2489	13	3	14.17010498046875
2489	25	4	13.797012329101562
2489	44	5	13.63589859008789
2489	1	6	13.308930397033691
2489	224	7	11.927560806274414
2489	17	8	11.887317657470703
2489	18	9	11.287603378295898
2489	14	10	10.940114974975586
2509	416	1	16.497652053833008
2509	412	2	11.409335136413574
2509	224	3	11.174062728881836
2509	408	4	10.151286125183105
2509	406	5	9.159416198730469
2509	198	6	8.931480407714844
2509	229	7	7.759636402130127
2509	8	8	7.427428245544434
2509	246	9	7.416698455810547
2509	312	10	7.2500901222229
2523	92	1	7.704558372497559
2523	111	2	7.579094409942627
2523	115	3	7.379106521606445
2523	124	4	7.292437553405762
2523	116	5	7.117278099060059
2523	117	6	6.56620454788208
2523	104	7	6.26002311706543
2523	263	8	6.178850173950195
2523	9	9	6.113987922668457
2523	344	10	5.635398864746094
2539	422	1	23.4248104095459
2539	427	2	21.112651824951172
2539	421	3	18.671676635742188
2539	45	4	8.475191116333008
2539	467	5	8.218013763427734
2539	455	6	7.260890007019043
2539	474	7	7.031466960906982
2539	137	8	6.871883392333984
2539	119	9	6.659329414367676
2539	114	10	6.517669677734375
2572	336	1	10.404414176940918
2572	344	2	9.57529354095459
2572	428	3	8.048895835876465
2572	124	4	7.734588146209717
2572	441	5	6.984827995300293
2572	37	6	6.921784400939941
2572	493	7	6.4090962409973145
2572	485	8	5.984119415283203
2572	17	9	5.254836082458496
2572	9	10	4.984887599945068
2596	441	1	23.361894607543945
2596	445	2	22.82419204711914
2596	443	3	22.383207321166992
2596	442	4	21.680419921875
2596	446	5	21.08255386352539
2596	447	6	18.855976104736328
2596	46	7	14.427610397338867
2596	448	8	11.263972282409668
2596	266	9	9.317361831665039
2596	461	10	8.36172866821289
2634	450	1	24.514509201049805
2634	452	2	21.460662841796875
2634	451	3	16.373830795288086
2634	341	4	11.740156173706055
2634	336	5	10.645838737487793
2634	448	6	10.091063499450684
2634	443	7	9.422863960266113
2634	145	8	8.80145263671875
2634	334	9	7.959522247314453
2634	151	10	7.506677627563477
2650	439	1	21.592012405395508
2650	436	2	21.032894134521484
2650	438	3	19.49127960205078
2650	341	4	14.294761657714844
2650	437	5	13.938617706298828
2650	226	6	9.304758071899414
2650	351	7	8.829032897949219
2650	349	8	8.581127166748047
2650	263	9	8.307777404785156
2650	344	10	7.003171443939209
2676	457	1	22.240142822265625
2676	368	2	9.1310396194458
2676	325	3	8.53940200805664
2676	12	4	7.901947975158691
2676	322	5	7.802985191345215
2676	270	6	7.670566558837891
2676	350	7	6.8094482421875
2676	98	8	6.692005157470703
2676	374	9	6.449207305908203
2676	268	10	6.391793251037598
2765	453	1	22.404010772705078
2765	454	2	19.97254753112793
2765	448	3	17.945695877075195
2765	461	4	17.108989715576172
2765	456	5	16.73537826538086
2765	447	6	15.26612377166748
2765	445	7	13.46363639831543
2765	444	8	11.77990436553955
2765	446	9	10.263795852661133
2765	442	10	8.873380661010742
2780	460	1	17.214279174804688
2780	427	2	10.54478931427002
2780	349	3	9.995325088500977
2780	461	4	8.857308387756348
2780	163	5	8.433415412902832
2780	499	6	7.901878356933594
2780	67	7	7.83104133605957
2780	43	8	7.76657772064209
2780	45	9	7.757637023925781
2780	94	10	7.360663890838623
2795	476	1	27.420955657958984
2795	474	2	21.282421112060547
2795	478	3	19.118160247802734
2795	477	4	17.790910720825195
2795	475	5	17.208847045898438
2795	479	6	17.154043197631836
2795	483	7	10.812042236328125
2795	15	8	10.371718406677246
2795	467	9	9.595115661621094
2795	139	10	8.860809326171875
2830	467	1	21.874832153320312
2830	482	2	16.284530639648438
2830	112	3	16.232624053955078
2830	472	4	15.322364807128906
2830	470	5	14.942489624023438
2830	483	6	14.746440887451172
2830	471	7	14.585125923156738
2830	114	8	14.051218032836914
2830	123	9	14.004781723022461
2830	118	10	13.963981628417969
2831	482	1	21.545618057250977
2831	467	2	19.282791137695312
2831	470	3	18.688447952270508
2831	472	4	18.472763061523438
2831	481	5	18.440792083740234
2831	471	6	17.09515953063965
2831	466	7	13.474964141845703
2831	112	8	12.723382949829102
2831	483	9	11.936433792114258
2831	114	10	11.926669120788574
2847	486	1	25.418947219848633
2847	485	2	22.358272552490234
2847	493	3	22.0856990814209
2847	271	4	12.978978157043457
2847	470	5	10.663896560668945
2847	466	6	9.941309928894043
2847	481	7	9.632224082946777
2847	467	8	8.957362174987793
2847	114	9	8.584424018859863
2847	482	10	8.431577682495117
2875	499	1	9.69522476196289
2875	349	2	9.189315795898438
2875	122	3	7.583951473236084
2875	298	4	6.8600873947143555
2875	96	5	6.805477142333984
2875	367	6	6.696500778198242
2875	114	7	6.638036251068115
2875	118	8	6.541222095489502
2875	441	9	6.445213317871094
2875	113	10	6.308588981628418
2892	150	1	13.409231185913086
2892	37	2	9.242780685424805
2892	496	3	9.088094711303711
2892	443	4	9.02177619934082
2892	498	5	8.85170841217041
2892	336	6	8.284751892089844
2892	344	7	8.274656295776367
2892	351	8	7.933335304260254
2892	241	9	7.556754112243652
2892	0	10	7.428287506103516
2926	491	1	26.287586212158203
2926	494	2	22.830718994140625
2926	487	3	15.54235553741455
2926	488	4	15.111658096313477
2926	265	5	7.579225540161133
2926	406	6	7.109709739685059
2926	460	7	6.842311859130859
2926	135	8	6.777292251586914
2926	474	9	6.561702728271484
2926	430	10	6.345252990722656
